candidate,n_rows,mean_score,median_score,judge_refusal,substring_refusal,invalid_cot_frac,unparsed,weighted
ortho_v4_baseline_l21,405,0.9256172839506173,1.0,0.03950617283950617,0.0,0.09999999999999998,0,0.8330555555555555
ortho_v4_baseline_l17,435,0.8456896551724138,1.0,0.08275862068965517,0.0,0.033333333333333326,0,0.8175
ortho_v12_cot150_l17,402,0.9265267175572519,1.0,0.035623409669211195,0.0024875621890547263,0.10666666666666669,9,0.8091666666666667
ortho_v4_cot_l15,420,0.869277108433735,1.0,0.0891566265060241,0.023809523809523808,0.06666666666666665,5,0.8016666666666666
ortho_v4_cot_l13,396,0.8838383838383839,1.0,0.08080808080808081,0.0025252525252525255,0.12,0,0.7777777777777778
ortho_v4_cot_l19,432,0.8041958041958042,1.0,0.14685314685314685,0.02546296296296296,0.040000000000000036,3,0.7666666666666667
ortho_v4_baseline_l19,348,0.9788074712643678,1.0,0.0028735632183908046,0.0,0.22666666666666668,0,0.7569444444444444
ortho_v4_cot_l17,351,0.9691091954022989,1.0,0.008620689655172414,0.0,0.21999999999999997,3,0.7494444444444445
ortho_v4_cot_l23,441,0.7717889908256881,1.0,0.1743119266055046,0.018140589569160998,0.020000000000000018,5,0.7477777777777778
ortho_v12_cot150_l13,420,0.8052884615384616,1.0,0.15625,0.007142857142857143,0.06666666666666665,4,0.7444444444444445
ortho_v4_baseline_l15,414,0.8016304347826086,1.0,0.11594202898550725,0.0,0.07999999999999996,0,0.7375
ortho_v12_cot150_l15,420,0.7554086538461539,1.0,0.20432692307692307,0.02619047619047619,0.06666666666666665,4,0.6983333333333334
ortho_paired_cot_l13,417,0.7203237410071942,1.0,0.23980815347721823,0.07913669064748201,0.07333333333333336,0,0.6675
ortho_v12_cot150_l11,438,0.6658986175115207,1.0,0.29723502304147464,0.0821917808219178,0.026666666666666616,4,0.6422222222222222
ortho_v4_baseline_l13,432,0.6391782407407407,0.875,0.26157407407407407,0.004629629629629629,0.040000000000000036,0,0.6136111111111111
ortho_v4_cot_l11,426,0.6359080188679245,1.0,0.330188679245283,0.13380281690140844,0.053333333333333344,2,0.5991666666666666
ortho_v12_cot150_l23,450,0.5846325167037862,0.875,0.36971046770601335,0.015555555555555555,0.0,1,0.5833333333333334
ortho_paired_cot_l11,438,0.5827625570776256,1.0,0.3812785388127854,0.1963470319634703,0.026666666666666616,0,0.5672222222222222
ortho_v4_baseline_l11,429,0.5754662004662005,0.875,0.37995337995337997,0.1282051282051282,0.046666666666666634,0,0.5486111111111112
ortho_v4_cot_l21,447,0.5249439461883408,0.75,0.4170403587443946,0.053691275167785234,0.00666666666666671,1,0.5202777777777777
ortho_v12_cot150_l19,444,0.5095720720720721,0.625,0.44144144144144143,0.05630630630630631,0.013333333333333308,0,0.5027777777777778
select_clean,447,0.425561797752809,0.0,0.5415730337078651,0.38031319910514544,0.00666666666666671,2,0.42083333333333334
ortho_v4_cot_l25,450,0.4017857142857143,0.0,0.5513392857142857,0.05333333333333334,0.0,2,0.4
ortho_v4_baseline_l23,444,0.3716216216216216,0.0,0.5945945945945946,0.09009009009009009,0.013333333333333308,0,0.36666666666666664
ortho_v12_cot150_l21,450,0.3547222222222222,0.0,0.6,0.11333333333333333,0.0,0,0.3547222222222222
ortho_v12_cot150_l25,450,0.26916666666666667,0.0,0.6911111111111111,0.1,0.0,0,0.26916666666666667
ortho_v4_baseline_l25,450,0.04416666666666667,0.0,0.9511111111111111,0.45111111111111113,0.0,0,0.04416666666666667
