loop,layer,norm,splithalf,auc,dprime
0,0,0.0,0.0,0.8430500525592302,
0,1,0.6279047131538391,0.8710727691650391,0.7947764211207246,1.2788835
0,2,0.9279487133026123,0.9007277488708496,0.8148297889544757,1.335753
0,3,1.1033494472503662,0.9015039205551147,0.8278483059755801,1.3778524
0,4,1.450409173965454,0.8520262837409973,0.8097355866418695,1.3236117
0,5,1.704181432723999,0.842200756072998,0.8038327807875798,1.2853452
0,6,2.0531234741210938,0.853462815284729,0.7959893264332498,1.2637993
0,7,2.5737388134002686,0.8803701996803284,0.8101398884127112,1.3153938
0,8,3.0722475051879883,0.8918700218200684,0.8065011724751354,1.3080715
0,9,3.8764808177948,0.8850979208946228,0.831729602975661,1.4262729
0,10,4.2950944900512695,0.8619688153266907,0.8411902644133581,1.4669616
0,11,4.730676651000977,0.860935389995575,0.8491145791218565,1.5514387
0,12,5.178508281707764,0.8494548201560974,0.8644780464138433,1.6243069
0,13,5.988076210021973,0.8457894325256348,0.8720789197056683,1.6934305
0,14,6.325206279754639,0.8513273000717163,0.8763645184765909,1.6997535
0,15,7.252663612365723,0.8660503029823303,0.8910002425810625,1.8247672
0,16,9.273375511169434,0.9037236571311951,0.903533597477157,1.9011266
0,17,11.02523136138916,0.9185085892677307,0.9121047950190022,1.9968239
0,18,13.194997787475586,0.9313732385635376,0.9277917037276623,2.166683
0,19,16.960586547851562,0.9425617456436157,0.9319964421444166,2.235423
0,20,22.174022674560547,0.9565343856811523,0.9498665804156222,2.4949484
0,21,24.27479362487793,0.953241765499115,0.9520498099781677,2.514282
0,22,25.89993667602539,0.9537122845649719,0.95487992237406,2.5317812
0,23,27.43204689025879,0.9490790963172913,0.9545564809573865,2.5618174
0,24,30.046701431274414,0.9456256031990051,0.9563354087490903,2.591782
0,25,32.90300369262695,0.9329572319984436,0.9558502466240802,2.5909035
0,26,36.382572174072266,0.9263164401054382,0.95487992237406,2.5569007
0,27,40.1387939453125,0.9193453192710876,0.9541521791865448,2.558638
0,28,44.929019927978516,0.9129666686058044,0.9506751839573058,2.5091107
0,29,49.6585807800293,0.907706618309021,0.950513463248969,2.4918444
0,30,57.82663345336914,0.9053395390510559,0.9506751839573058,2.4683688
0,31,65.3436279296875,0.9017089605331421,0.948653675103097,2.4505947
0,32,74.0648422241211,0.9008480906486511,0.9491388372281071,2.4770887
0,33,83.50112915039062,0.8979341387748718,0.9473599094364034,2.4741976
0,34,96.06173706054688,0.9058011174201965,0.9507560443114741,2.52343
0,35,110.80757904052734,0.9103308916091919,0.9531818549365246,2.5769773
