condition,stage,loop,rms_proj,rms_len,proj_frac
clean,attn_in,0,0.581147787095185,26.43568303874727,0.021983460243617914
clean,attn_in,1,0.16808478859562834,9.831274051659639,0.017096948748697893
clean,attn_in,2,0.15522210658585092,8.98853063332704,0.017268907780135873
clean,attn_in,3,0.1513756329174789,8.777044757890426,0.01724676552223282
clean,attn_out,0,0.034798934066628796,1.9116763875981961,0.018203360303230873
clean,attn_out,1,0.07491860969307071,3.696927731578522,0.02026509987012427
clean,attn_out,2,0.09459890571143201,4.6667105125592245,0.020271003623825373
clean,attn_out,3,0.1053589258691201,5.182656372987863,0.020329135926945397
clean,loop_in,0,0.3847399490226029,30.098757781800924,0.012782585640635113
clean,loop_in,1,0.38966109603391597,24.559686197368247,0.015865882524006805
clean,loop_in,2,0.4282890243264096,23.125667280453293,0.01852007205380906
clean,loop_in,3,0.4150657904550815,21.240644855763676,0.019541110605333287
clean,loop_out,0,0.6605986430861716,31.571040100918115,0.020924196382968097
clean,loop_out,1,0.8693668030515365,43.296174919878794,0.020079529072956966
clean,loop_out,2,1.0180123919765942,48.769627007267346,0.02087390153352816
clean,loop_out,3,1.0514367274370973,49.86426315071492,0.021085977431555058
clean,mlp_in,0,0.2851623474573002,11.221711638823715,0.02541166237695193
clean,mlp_in,1,0.06722095169950572,3.6439168772173716,0.018447443771230615
clean,mlp_in,2,0.05974377895609201,3.0660831188562256,0.019485374870847887
clean,mlp_in,3,0.05625000541207707,2.8542224484700434,0.019707645927257322
clean,mlp_out,0,0.08079568352088061,4.741584106447564,0.01703980815420217
clean,mlp_out,1,0.10794772763997955,5.16003617208914,0.0209199556049381
clean,mlp_out,2,0.12251414555961035,5.936465184983481,0.020637558166687244
clean,mlp_out,3,0.12948332062246648,6.338302400737542,0.02042870668452162
clean,resid_pre,0,0.18918240497433406,9.918151019279845,0.01907436220789372
clean,resid_pre,1,0.275430389752114,13.323187063814963,0.0206730107768409
clean,resid_pre,2,0.32898438640462624,15.676945971195458,0.02098523443335815
clean,resid_pre,3,0.35823605768514516,16.538523572050572,0.021660703636843946
hook,attn_in,0,0.5731970174254098,26.40753258747749,0.02170581501799305
hook,attn_in,1,0.16828932720837905,9.832519087216179,0.017115586119449456
hook,attn_in,2,0.15159433337786637,8.975177110984534,0.016890400211972776
hook,attn_in,3,0.1464752778528974,8.779923148333937,0.016682979495178416
hook,attn_out,0,0.00022830862239425697,1.913083729304569,0.00011934063255937582
hook,attn_out,1,0.00043103534213781805,3.69571909228785,0.00011663098070340186
hook,attn_out,2,0.0005418516245593492,4.668937726038363,0.0001160545837948272
hook,attn_out,3,0.000597583590957411,5.177237517645614,0.00011542518358886621
hook,loop_in,0,0.002015156970775159,30.13740568804599,6.686564170898332e-05
hook,loop_in,1,0.0021956329904253146,24.553088540403316,8.942390228472855e-05
hook,loop_in,2,0.0026251504877872053,23.22872322457373,0.00011301312011028016
hook,loop_in,3,0.0024323790060904156,21.204333383318463,0.00011471141120635173
hook,loop_out,0,0.23933834056389505,31.55084018915494,0.0075857992728245475
hook,loop_out,1,0.22146588120947897,43.31263141454986,0.005113193864621273
hook,loop_out,2,0.22679118469776566,48.722542676995225,0.004654748546299639
hook,loop_out,3,0.23720636430973668,49.808332806104396,0.004762383138442755
hook,mlp_in,0,0.28540581580949326,11.219342292342022,0.02543872968420818
hook,mlp_in,1,0.06697606518585252,3.6525177848255264,0.018336957992129758
hook,mlp_in,2,0.060258853634289684,3.073432860997277,0.01960636732918145
hook,mlp_in,3,0.056472472255134576,2.8672241974335466,0.019695869024013924
hook,mlp_out,0,0.00037439892604447625,4.741744543011238,7.895805492016546e-05
hook,mlp_out,1,0.0007647684681868934,5.147982423839162,0.00014855693070073837
hook,mlp_out,2,0.0009425653675501257,5.933430058439358,0.00015885674192948088
hook,mlp_out,3,0.0010345017669435245,6.329937048053255,0.0001634300245152803
hook,resid_pre,0,0.0009422960633091681,9.913964402250237,9.504735190448022e-05
hook,resid_pre,1,0.001992174167636553,13.321597309013613,0.0001495446920834797
hook,resid_pre,2,0.002949329828608221,15.700075113996476,0.00018785450433793914
hook,resid_pre,3,0.00338859736256491,16.52125239907705,0.00020510535646524062
ortho,attn_in,0,0.001741669806454511,25.929634508915704,6.716908430991001e-05
ortho,attn_in,1,0.0009778953674545053,10.35617675002304,9.442629177339308e-05
ortho,attn_in,2,0.0009396178803814945,9.307111171732423,0.00010095698472317639
ortho,attn_in,3,0.0009813889180772036,9.195713950389756,0.00010672242779317945
ortho,attn_out,0,0.08294081117808998,2.016561191705071,0.041129826121448214
ortho,attn_out,1,0.06848412590563194,3.2637268762792155,0.020983412062870497
ortho,attn_out,2,0.07338619395052874,4.080801140525836,0.017983281082173112
ortho,attn_out,3,0.10973745033257988,5.103219016065051,0.021503574506037047
ortho,loop_in,0,0.8937029540639573,35.38140152271984,0.025259116812828178
ortho,loop_in,1,1.471089213204176,28.50925465242437,0.05160040945086852
ortho,loop_in,2,2.52253021284099,24.3516541848042,0.10358763284405897
ortho,loop_in,3,4.50910750942008,25.178713780345664,0.17908410845592354
ortho,loop_out,0,1.2188601091552438,24.645398849843048,0.04945588897065085
ortho,loop_out,1,2.85298993529134,34.47757278439743,0.08274915270666731
ortho,loop_out,2,5.470852343307394,41.77806477802035,0.13095035331042038
ortho,loop_out,3,8.445053892627854,40.99728779703665,0.20599055075146402
ortho,mlp_in,0,0.0009636151890163113,8.783653423227445,0.00010970551120199398
ortho,mlp_in,1,0.0003251353837023979,4.341366816577097,7.489240081278074e-05
ortho,mlp_in,2,0.0003047877911802413,3.627742155831994,8.401583632129463e-05
ortho,mlp_in,3,0.0002639048411748648,3.1583338327413495,8.355824784544782e-05
ortho,mlp_out,0,0.18046674805841728,5.3743253021895105,0.03357942400414333
ortho,mlp_out,1,0.14221487607663474,5.116426342789139,0.027795743854900988
ortho,mlp_out,2,0.11160278148577239,5.173067492757969,0.021573811213948125
ortho,mlp_out,3,0.0919056895408009,5.726677403928344,0.01604869334489771
ortho,resid_pre,0,0.7340937199731695,9.459281904177889,0.07760564992242612
ortho,resid_pre,1,1.41792331408213,11.963955610527204,0.11851626336982436
ortho,resid_pre,2,2.614754414696596,13.634551554597394,0.1917741411755442
ortho,resid_pre,3,4.713801305125001,14.906034220064704,0.3162344346949003
