candidate,n_rows,mean_score,median_score,judge_refusal,substring_refusal,invalid_cot_frac,unparsed,weighted,all_score,no_think_frac,hit_max_frac
ablate_v12_cot150_t3.l4,294,0.9681122448979592,1.0,0.006802721088435374,0.0,0.3466666666666667,0,0.6325,0.8933333333333333,0.16,0.18666666666666668
ablate_v4_cot_t3.l4,246,0.9659552845528455,1.0,0.0040650406504065045,0.0,0.45333333333333337,0,0.5280555555555555,0.8697222222222223,0.38666666666666666,0.07333333333333333
ablate_v4_cot_t3.l16,255,0.9357843137254902,1.0,0.03137254901960784,0.0,0.43333333333333335,0,0.5302777777777777,0.8694444444444444,0.36666666666666664,0.06666666666666667
ablate_v4_baseline_t3.l16,363,0.9022038567493113,1.0,0.06611570247933884,0.005509641873278237,0.19333333333333336,0,0.7277777777777777,0.8677777777777778,0.12666666666666668,0.08
ablate_v4_cot_t3.l20,273,0.956959706959707,1.0,0.014652014652014652,0.0,0.3933333333333333,0,0.5805555555555556,0.8672222222222221,0.32,0.07333333333333333
ablate_v4_baseline_t3.l8,369,0.8838075880758808,1.0,0.07046070460704607,0.005420054200542005,0.18000000000000005,0,0.7247222222222223,0.8522222222222222,0.1,0.08666666666666667
ablate_v4_baseline_t3.l12,339,0.8963864306784661,1.0,0.06784660766961652,0.0,0.2466666666666667,0,0.6752777777777778,0.8452777777777777,0.18,0.08
ablate_v4_baseline_t3.l4,369,0.8214769647696477,1.0,0.13008130081300814,0.0,0.18000000000000005,0,0.6736111111111112,0.7994444444444445,0.11333333333333333,0.07333333333333333
ablate_v12_cot150_t3.l16,345,0.8641304347826086,1.0,0.06956521739130435,0.0,0.23333333333333328,0,0.6625,0.7925,0.10666666666666667,0.12666666666666668
ablate_v4_baseline_t3.l20,321,0.8177570093457944,1.0,0.1277258566978193,0.0,0.2866666666666666,0,0.5833333333333334,0.7508333333333334,0.24666666666666667,0.04
ablate_v12_cot150_t3.l8,201,0.9353233830845771,1.0,0.009950248756218905,0.0,0.5533333333333333,0,0.4177777777777778,0.7044444444444444,0.18,0.36666666666666664
ablate_v4_cot_t3.l8,87,0.9209770114942529,1.0,0.011494252873563218,0.011494252873563218,0.8066666666666666,0,0.17805555555555555,0.5872222222222222,0.38,0.44
ablate_v4_cot_t0.l12,36,0.7083333333333334,0.8125,0.1111111111111111,0.027777777777777776,0.92,0,0.056666666666666664,0.4325,0.7733333333333333,0.22666666666666666
ablate_v4_cot_t3.l12_apply0,336,0.42150297619047616,0.0,0.5416666666666666,0.4523809523809524,0.2533333333333333,0,0.31472222222222224,0.3938888888888889,0.17333333333333334,0.08
ablate_v4_cot_t3.l12_apply3,30,0.03333333333333333,0.0,0.9,0.5,0.9333333333333333,0,0.0022222222222222222,0.3488888888888889,0.8666666666666667,0.11333333333333333
ablate_v4_cot_t3.l12,0,,,,,1.0,0,0.0,0.32416666666666666,0.9066666666666666,0.16
ablate_v4_cot_t3.l12_apply2,51,0.38235294117647056,0.0,0.4117647058823529,0.09803921568627451,0.8866666666666667,0,0.043333333333333335,0.315,0.4266666666666667,0.43333333333333335
ablate_v12_cot150_t3.l20,165,0.43712121212121213,0.375,0.36363636363636365,0.0,0.6333333333333333,0,0.16027777777777777,0.3061111111111111,0.24,0.37333333333333335
ablate_v12_cot150_t3.l12,15,0.39166666666666666,0.25,0.2,0.0,0.9666666666666667,0,0.013055555555555556,0.22805555555555557,0.14666666666666667,0.72
ablate_v4_cot_t2.l12,0,,,,,1.0,0,0.0,0.0625,1.0,0.7466666666666667
ablate_v4_cot_t3.l12_apply1,3,0.0,0.0,0.3333333333333333,0.0,0.9933333333333333,0,0.0,0.060833333333333336,0.9866666666666667,0.76
ablate_v4_cot_t1.l12,0,,,,,1.0,0,0.0,0.005,1.0,0.7733333333333333
select_clean,396,0.3987341772151899,0.0,0.569620253164557,0.4621212121212121,0.10204081632653061,1,0.35714285714285715,,,
