candidate,n_rows,mean_score,median_score,judge_refusal,substring_refusal,invalid_cot_frac,unparsed,weighted,kind,method,c,variant,tag,all_score,all_refusal,direct_frac,capped_frac,loops_label,n_loops
ablate_v4_baseline_t1.l15_apply0_dirperloop,447,0.3333333333333333,0.0,0.6644295302013423,0.6062639821029083,0.00666666666666671,0,0.33111111111111113,ablate,v4_baseline,,perloop,loop_sweep_perloop,0.33611111111111114,0.6599999999999998,0.0,0.006666666666666667,1,1
ablate_v4_baseline_t1.l15_apply1_dirperloop,438,0.745148401826484,1.0,0.23515981735159816,0.04337899543378995,0.026666666666666616,0,0.7252777777777778,ablate,v4_baseline,,perloop,loop_sweep_perloop,0.7519444444444445,0.2288888888888889,0.0,0.02666666666666667,2,1
ablate_v4_baseline_t1.l15_dirperloop,414,0.8356537530266344,1.0,0.14285714285714285,0.012077294685990338,0.07999999999999996,1,0.7669444444444444,ablate,v4_baseline,,perloop,loop_sweep_perloop,0.8358333333333332,0.14444444444444443,0.0,0.08,"1,2",2
ablate_random_t1.l15_dirperloop,450,0.20166666666666666,0.0,0.7977777777777778,0.7533333333333333,0.0,0,0.20166666666666666,ablate,random,,perloop,loop_sweep_perloop,0.20166666666666666,0.7977777777777778,,,"1,2",2
ablate_v4_baseline_t1.l15_apply0,420,0.4907738095238095,0.0,0.5071428571428571,0.36428571428571427,0.06666666666666665,0,0.45805555555555555,ablate,v4_baseline,,shared,loop_sweep,0.5180555555555556,0.4800000000000001,0.0,0.06666666666666667,1,1
ablate_v4_baseline_t1.l15_apply1,429,0.7435897435897436,1.0,0.23076923076923078,0.05128205128205128,0.046666666666666634,0,0.7088888888888889,ablate,v4_baseline,,shared,loop_sweep,0.7547222222222222,0.22,0.0,0.04666666666666667,2,1
ablate_v4_baseline_t1.l15,426,0.8532863849765259,1.0,0.12441314553990611,0.025821596244131457,0.053333333333333344,0,0.8077777777777778,ablate,v4_baseline,,shared,loop_sweep,0.8494444444444443,0.12444444444444443,0.0,0.05333333333333334,"1,2",2
ablate_random_t1.l15,450,0.18416666666666667,0.0,0.8155555555555556,0.7733333333333333,0.0,0,0.18416666666666667,ablate,random,,shared,loop_sweep,0.18416666666666667,0.8155555555555556,,,"1,2",2
actadd_v4_baseline_t1.l15_c-2_apply0_dirperloop,423,0.5150709219858156,1.0,0.48226950354609927,0.4397163120567376,0.06000000000000005,0,0.4841666666666667,actadd,v4_baseline,-2.0,perloop,loop_sweep_perloop,0.5375000000000001,0.4533333333333333,0.0,0.06,1,1
actadd_v4_baseline_t1.l15_c-2_apply1_dirperloop,408,0.46599264705882354,0.0,0.5269607843137255,0.2867647058823529,0.09333333333333338,0,0.4225,actadd,v4_baseline,-2.0,perloop,loop_sweep_perloop,0.5091666666666667,0.48444444444444446,0.0,0.09333333333333334,2,1
actadd_v4_baseline_t1.l15_c-2_dirperloop,297,0.6898148148148148,1.0,0.2828282828282828,0.11784511784511785,0.33999999999999997,0,0.4552777777777778,actadd,v4_baseline,-2.0,perloop,loop_sweep_perloop,0.7852777777777779,0.18666666666666662,0.0,0.34,"1,2",2
actadd_v4_baseline_t1.l15_c-2_apply0,441,0.3959750566893424,0.0,0.6031746031746031,0.5941043083900227,0.020000000000000018,0,0.38805555555555554,actadd,v4_baseline,-2.0,shared,loop_sweep,0.40388888888888885,0.591111111111111,0.0,0.02,1,1
actadd_v4_baseline_t1.l15_c-2_apply1,408,0.4957107843137255,0.5625,0.4803921568627451,0.22303921568627452,0.09333333333333338,0,0.4494444444444444,actadd,v4_baseline,-2.0,shared,loop_sweep,0.538611111111111,0.43555555555555564,0.0,0.09333333333333334,2,1
actadd_v4_baseline_t1.l15_c-2,378,0.6875,1.0,0.291005291005291,0.10582010582010581,0.16000000000000003,0,0.5775,actadd,v4_baseline,-2.0,shared,loop_sweep,0.7325,0.24444444444444446,0.0,0.16,"1,2",2
actadd_random_t1.l15_c-2.6931,429,0.1958041958041958,0.0,0.8041958041958042,0.7365967365967366,0.046666666666666634,0,0.18666666666666668,actadd,random,-2.6931,shared,loop_sweep,0.23333333333333334,0.7666666666666667,0.0,0.04666666666666667,"1,2",2
none,450,0.20305555555555554,0.0,0.7955555555555556,0.7666666666666667,0.0,0,0.20305555555555554,none,none,,-,loop_sweep,0.20305555555555554,0.7955555555555556,,,-,0
